family,cond,n_days,n_med,excess_pp,t,hit
L0·composite·top10,无条件,41,10.0,0.06156150452584262,0.7546429562807262,0.4040650406504065
L0·composite·top10,T+1 收>开,40,5.5,-0.14261395258849055,-0.8462698290727512,0.3431845238095238
L0·composite·top10,T+1 收≤开,39,5.0,0.17849044398211816,1.4852434173704077,0.4354904354904356
L0·composite·top10,T+1 日内跑赢市场中位,41,5.0,-0.05923501667460914,-0.6581966379125467,0.3853561749903214
L0·composite·top10,T+1 收在区间上 30%,31,3.0,-0.3631747151251281,-1.8534984297744532,0.268394777265745
L0·composite·top10,T+1 收在区间下 30%,32,4.0,0.3061336895112021,2.1211090688862018,0.39485367063492066
L0·composite·top10,T+1 收>开 ∧ 区间上30%,31,3.0,-0.339470516984365,-1.7137130203336057,0.2717357910906298
L0·composite·top20,无条件,41,20.0,0.10892317063963904,1.5274464933042184,0.39895877906147487
L0·composite·top20,T+1 收>开,41,11.0,-0.16295439923935212,-1.1328299794945387,0.32096206701753033
L0·composite·top20,T+1 收≤开,40,9.0,0.22815282949568033,2.1251123890527426,0.43687823453206576
L0·composite·top20,T+1 日内跑赢市场中位,41,10.0,-0.04221809232812602,-0.6039618105339997,0.3608178745373867
L0·composite·top20,T+1 收在区间上 30%,37,6.0,-0.26987136505303866,-1.7185357516980895,0.27409422409422407
L0·composite·top20,T+1 收在区间下 30%,37,8.0,0.1726567366089934,1.4162205649418511,0.4288004962153569
L0·composite·top20,T+1 收>开 ∧ 区间上30%,36,5.5,-0.28183013881460844,-1.8081494279648356,0.25107122815456145
L0·composite·top20·非当日大涨,无条件,18,20.0,0.12135135270856283,0.9304813765453301,0.44054580896686163
L0·composite·top20·非当日大涨,T+1 收>开,18,13.0,-0.10044021673092582,-0.9502353066720406,0.40052297036946155
L0·composite·top20·非当日大涨,T+1 收≤开,18,6.5,0.23304559150917367,1.101202074053324,0.44997157244964253
L0·composite·top20·非当日大涨,T+1 日内跑赢市场中位,18,11.5,-0.055287334209693284,-0.5817337767526551,0.4247341393174726
L0·composite·top20·非当日大涨,T+1 收在区间上 30%,17,7.0,-0.12849460458397508,-1.2707334322935309,0.43346914523385105
L0·composite·top20·非当日大涨,T+1 收在区间下 30%,16,3.5,0.11592558611544941,0.49368879458089254,0.4462673611111111
L0·composite·top20·非当日大涨,T+1 收>开 ∧ 区间上30%,16,7.5,-0.09749603003822,-0.9017388786085989,0.4052579365079365
L0·composite·top5,无条件,41,5.0,0.09520585579239713,0.7719684680817308,0.42804878048780487
L0·composite·top5,T+1 收>开,36,2.0,-0.11940291133548521,-0.7845964873352715,0.33148148148148143
L0·composite·top5,T+1 收≤开,35,3.0,0.27657679905435617,1.457802967279412,0.5057142857142858
L0·composite·top5,T+1 日内跑赢市场中位,40,2.0,-0.04340167655594383,-0.2935911954669702,0.3891666666666667
L0·composite·top5,T+1 收在区间上 30%,25,2.0,-0.21189848152633958,-1.1134505504822363,0.31999999999999995
L0·composite·top5,T+1 收在区间下 30%,28,3.0,0.43738404688535737,2.3099223090432806,0.4886904761904763
L0·composite·top5,T+1 收>开 ∧ 区间上30%,25,2.0,-0.17362074107572834,-0.8896562459927287,0.33333333333333326
L0·composite·top50,无条件,41,50.0,0.1669383621549053,2.782869476772293,0.41147133190497837
L0·composite·top50,T+1 收>开,41,25.0,-0.03052704074850679,-0.39458472120543797,0.3250677261115302
L0·composite·top50,T+1 收≤开,40,24.0,0.21432039796402902,2.8242700992202088,0.4262108082830819
L0·composite·top50,T+1 日内跑赢市场中位,41,26.0,0.05701171227328177,0.9938864282662723,0.37592376724412735
L0·composite·top50,T+1 收在区间上 30%,40,10.5,-0.2132042779245382,-2.4104810559335603,0.25676231105728053
L0·composite·top50,T+1 收在区间下 30%,39,16.0,0.20947197012366267,2.2806475889571347,0.45107934511734143
L0·composite·top50,T+1 收>开 ∧ 区间上30%,40,10.0,-0.22476520418482143,-2.592623603968443,0.25532409909625464
L2·composite·top10,无条件,40,10.0,0.11658881585762527,1.4306834111544915,0.42861111111111116
L2·composite·top10,T+1 收>开,36,5.5,0.043338449149913805,0.3518240109865796,0.37037037037037046
L2·composite·top10,T+1 收≤开,37,5.0,0.1494072651040411,1.168430001124007,0.4391784641784641
L2·composite·top10,T+1 日内跑赢市场中位,39,5.0,-0.0004771854208414842,-0.005491372939513741,0.3904965404965405
L2·composite·top10,T+1 收在区间上 30%,30,4.0,-0.13727107109930925,-1.2883347551330742,0.34261904761904766
L2·composite·top10,T+1 收在区间下 30%,29,5.0,0.29648687920881955,2.070051378618065,0.44166666666666665
L2·composite·top10,T+1 收>开 ∧ 区间上30%,30,3.5,-0.1268124798102792,-1.1762435876675787,0.3472222222222222
L2·composite·top20,无条件,40,20.0,0.13927027741518655,1.9565899837246858,0.4167105263157895
L2·composite·top20,T+1 收>开,40,10.0,-0.041984456006527116,-0.5487600803030557,0.33187793555343864
L2·composite·top20,T+1 收≤开,39,10.0,0.22433232553219695,2.086775757930504,0.43534060968271493
L2·composite·top20,T+1 日内跑赢市场中位,40,9.5,-0.006996572272880024,-0.10484466003643013,0.36757881007881005
L2·composite·top20,T+1 收在区间上 30%,37,5.0,-0.11201701318067286,-1.3126473270627959,0.3123811998811999
L2·composite·top20,T+1 收在区间下 30%,33,10.0,0.17311724300713496,1.4683391922859477,0.4247498861803675
L2·composite·top20,T+1 收>开 ∧ 区间上30%,36,5.5,-0.11477814394480672,-1.3337852908328782,0.2922814068647402
L2·composite·top5,无条件,40,5.0,0.13972799801196165,1.0914802994669084,0.43375
L2·composite·top5,T+1 收>开,31,3.0,-0.0771382426299519,-0.41686733881883314,0.3693548387096774
L2·composite·top5,T+1 收≤开,34,3.0,0.29365706599650365,1.5236601096253952,0.4715686274509803
L2·composite·top5,T+1 日内跑赢市场中位,36,3.0,-0.05843761103640166,-0.3763715292898902,0.41527777777777775
L2·composite·top5,T+1 收在区间上 30%,21,2.0,-0.0995325480797076,-0.5211117845452661,0.44047619047619047
L2·composite·top5,T+1 收在区间下 30%,27,3.0,0.4861346884661623,2.5215858471420214,0.4617283950617284
L2·composite·top5,T+1 收>开 ∧ 区间上30%,21,2.0,-0.06095899613650105,-0.31439650825821136,0.4523809523809524
L2·全体,无条件,40,200.0,0.059667908763266615,1.4094554546304519,0.36991755493960743
L2·全体,T+1 收>开,40,105.5,-0.10263083906578976,-2.031619875486789,0.317735906681306
L2·全体,T+1 收≤开,40,95.0,0.06424567196091326,0.7007125004224739,0.39092554797055656
L2·全体,T+1 日内跑赢市场中位,40,97.5,-0.030504668824149966,-0.790830440308161,0.33932586079217497
L2·全体,T+1 收在区间上 30%,40,44.5,-0.22115248211908872,-2.2134549324926063,0.27705593295706654
L2·全体,T+1 收在区间下 30%,39,79.0,0.0716954255249175,0.7215563436111799,0.4176648815515836
L2·全体,T+1 收>开 ∧ 区间上30%,40,44.0,-0.21588758168029207,-2.1444415262260472,0.27570434571772096
L3·finalist(非📌),无条件,40,8.0,-0.2652827881950618,-3.868543757355777,0.23651162915024077
L3·finalist(非📌),T+1 收>开,38,4.0,-0.4114563318819451,-3.9181950783366593,0.20200871189444594
L3·finalist(非📌),T+1 收≤开,38,5.5,-0.1855229735394238,-1.821520334703547,0.24942753153279465
L3·finalist(非📌),T+1 日内跑赢市场中位,37,5.0,-0.2582713232533265,-2.4750300012398614,0.22066462066462064
L3·finalist(非📌),T+1 收在区间上 30%,35,2.0,-0.5040256883336272,-4.508664492073548,0.13294526901669762
L3·finalist(非📌),T+1 收在区间下 30%,35,4.0,-0.11328575748344998,-1.0259957666647073,0.2968224681176818
L3·finalist(非📌),T+1 收>开 ∧ 区间上30%,33,2.0,-0.446073400334175,-3.681771285605378,0.13759018759018757
市场·全体,无条件,42,5444.0,-0.002467457171820323,-0.09250480602273625,0.3558723546506046
市场·全体,T+1 收>开,42,2967.0,-0.13850622034897914,-3.261054362487612,0.3162651431222614
市场·全体,T+1 收≤开,42,2458.5,-0.0011005519611119266,-0.017122257302698854,0.36615255930271473
市场·全体,T+1 日内跑赢市场中位,42,2721.5,-0.09090087586739343,-3.0368761914419795,0.33122949647030137
市场·全体,T+1 收在区间上 30%,42,1450.5,-0.22309713242616913,-3.4872237154757513,0.28188088200964584
市场·全体,T+1 收在区间下 30%,42,1496.0,-0.025266028091367247,-0.34248053222970154,0.3781848960210155
市场·全体,T+1 收>开 ∧ 区间上30%,42,1371.0,-0.22669288553530545,-3.492858833535774,0.28298991857471834
