analysis_date,med_gap_c1_o2,mean_gap_c1_o2,n_gap_c1_o2,med_fwd_5_oc,mean_fwd_5_oc,n_fwd_5_oc,med_fwd_10_oc,mean_fwd_10_oc,n_fwd_10_oc,med_fwd_5_c1c,mean_fwd_5_c1c,n_fwd_5_c1c,med_fwd_10_c1c,mean_fwd_10_c1c,n_fwd_10_c1c
2026-06-18,-0.00454545454545463,-0.004283093493728778,5363,-0.05920140679953101,-0.04614108916595269,5490,-0.021251505419510153,-0.01268336187433026,5486,-0.065008025682183,-0.053955771946549186,5359,-0.026687598116169498,-0.018608949201442643,5355
2026-06-22,-0.002159438615907394,-0.0036983224546448612,5414,-0.06313708509947663,-0.049338794797513824,5492,-0.03208945897937138,-0.02725285544329679,5494,-0.06702321368988029,-0.05157067891096391,5404,-0.0367149758454105,-0.029959280725789128,5407
2026-06-23,-0.0027955271565495154,-0.0031774049514989404,5411,-0.06113109512390086,-0.03586306816642032,5496,-0.06109660574412523,-0.05207922039572621,5499,-0.043843283582089554,-0.02977370306730248,5401,-0.04393063583815038,-0.04367737446166377,5403
2026-06-24,-0.004394638753162428,-0.0050680026536422795,5420,-0.017454863283090927,-0.0060590575280282605,5494,-0.053262411347517746,-0.05578622365800146,5494,-0.002962962962962945,0.00598577950168577,5411,-0.03705357142857135,-0.04269807727619735,5411
2026-06-25,-0.0014245043151117076,-0.0012053193471839377,5448,-0.001865671641791189,0.0032014839865489534,5501,-0.03461178671655751,-0.03489276833434941,5497,0.020161290322580516,0.024918362037194077,5447,-0.012342692370503783,-0.014022980372338255,5442
2026-06-26,-0.0019305019305019266,-0.002280933799340163,5395,0.03629032258064502,0.03761489436133071,5501,0.005738447598912622,-0.00461448359068524,5495,0.034525277435265345,0.03737974239022818,5397,0.0036496350364962904,-0.005606762097022035,5391
2026-06-29,0.0,0.00034974872184484983,5362,0.027744270205066313,0.026268746912819732,5505,-0.032786885245901565,-0.043426151509071996,5501,0.023378582202111753,0.013652764746633256,5365,-0.03966749810630221,-0.053768762110156555,5360
2026-06-30,-0.003992015968063756,-0.007906136626621315,5356,-0.005517270536507024,-0.014914747036075494,5498,-0.028461538461538427,-0.04153532150601878,5495,-0.030088495575221197,-0.03454515240986945,5353,-0.05059920106524629,-0.06014135542670063,5351
2026-07-01,0.002024291497975783,0.002762284517210543,5421,-0.03897875657766514,-0.042624809001413064,5505,-0.04190681580017391,-0.051886798373888016,5504,-0.03714020427112352,-0.04197368658203992,5419,-0.039407270169700526,-0.05127361872845658,5418
2026-07-02,0.0,0.0013330229165592698,5407,-0.040935672514619936,-0.04075013360642921,5502,-0.04330708661417315,-0.059950809881312364,5499,-0.05120510600660361,-0.047539068850699084,5404,-0.05428571428571427,-0.06703317169576237,5401
2026-07-03,-0.002188183807440014,-0.003515551691180898,5443,-0.03858520900321538,-0.04234682334552515,5503,-0.09307805596465402,-0.11034763158406274,5499,-0.028070175438596467,-0.02892790753651258,5439,-0.07935440484196365,-0.0984389753230928,5435
2026-07-06,0.0,-0.0002720528802775685,5482,-0.062085406103648155,-0.06535545248809506,5506,-0.09355828220858886,-0.11562934995584524,5503,-0.0371075166508088,-0.04308349107173042,5479,-0.06834024514858777,-0.09365609942325329,5476
2026-07-08,-0.0014825805033519823,-0.002464107527991716,5444,-0.002535502825439906,-0.010239153554584369,5510,-0.06691654549823473,-0.07814801503789627,5506,-0.004499437570303799,-0.014586508170477552,5443,-0.06673215455140802,-0.08053440441883682,5438
2026-07-09,-0.004347826086956386,-0.0055641288791333406,5426,-0.0019824896454704866,-0.01822012506045717,5510,-0.04100711943247448,-0.06330114774711453,5508,-0.018453427065026395,-0.028573488228230973,5423,-0.06037735849056591,-0.07326932737025789,5421
2026-07-10,0.0,-0.0005443023585701684,5490,-0.05132014639247123,-0.06760205507486182,5510,-0.082380629597609,-0.09479855473499697,5510,-0.014112903225806495,-0.03418703306674068,5485,-0.047747747747747704,-0.06216978201786882,5485
2026-07-13,-0.0016220600162205612,-0.0017327842553685636,5439,-0.03258303668760071,-0.05536428822774836,5516,-0.019474075911684485,-0.03449869038739979,5509,-0.04895861509331889,-0.07006960398186018,5435,-0.03578108505405714,-0.04923358112008186,5428
2026-07-14,-0.007017543859649145,-0.008634553583786807,5448,-0.04686112367682976,-0.057873382835188156,5516,-0.030393728539918674,-0.053404422139638925,5510,-0.0560982051254717,-0.062344338522113386,5448,-0.042291704374795125,-0.05865265322838264,5442
2026-07-15,-0.002020202020201922,-0.0032794757806414634,5473,-0.061223582856014314,-0.06290396615647985,5518,-0.018297236743838763,-0.03786888228619713,5511,-0.06812933025404155,-0.06510840138908329,5475,-0.026243465370563546,-0.040289115358922545,5468
2026-07-16,0.0029325513196480912,0.005695829925500558,5487,-0.045301990326799046,-0.04507539947341178,5514,-0.03211678832116782,-0.0528899533595526,5509,-0.006569235311485011,-0.002914404994926696,5485,0.003278688524590345,-0.012207005745279555,5481
2026-07-17,0.0,-0.00034577502228218607,5469,-0.03734439834024905,-0.03510625446010561,5519,0.019459459459459483,0.00659551994178027,5515,-0.01289566236811246,-0.004423210854992932,5467,0.039616007599037384,0.037382637557686164,5462
2026-07-21,-0.002068254538610259,-0.002052135228003478,5476,0.012458571754070169,0.01082900798188172,5514,0.06309093747212557,0.06188856067711993,5514,0.015348288075560657,0.01316057984284452,5471,0.06705882352941184,0.06487179861500589,5473
2026-07-24,-0.007995079950799622,-0.009048904563326387,5401,0.05482459933125794,0.04611736552902955,5516,0.10268820544344026,0.1106838730365217,5516,0.026706231454005858,0.012983225805123656,5398,0.0675381263616559,0.07434675177428103,5398
2026-07-27,0.0,2.4925214703521122e-05,5455,0.050483103061986445,0.034002972652781044,5510,0.09151785714285698,0.09875439883152691,5513,0.04237288135593231,0.032047969447390634,5451,0.08756941054127321,0.09808346311135904,5454
2026-07-28,-0.004193512367845875,-0.004615774351962214,5436,0.047938638542665446,0.049435553209964844,5511,0.08140618902394958,0.09228361580139491,5514,0.03180212014134276,0.03659466249501645,5433,0.06561001452584359,0.07976237097972125,5436
2026-07-29,0.005979086602913575,0.013343877192949188,5470,0.05167173252279644,0.05950952952140189,5519,0.08252427184466016,0.09765042286368775,5519,0.06328763234055024,0.0769698391896137,5470,0.09459459459459452,0.11666599667878211,5470
2026-07-30,0.0,-0.0008782839847898445,5423,0.05733471074380159,0.06809724483955888,5517,0.07115548437162678,0.08913840312394417,5518,0.04067796610169472,0.053707639654807404,5423,0.05385996409335725,0.07434414224657976,5423
2026-07-31,0.0032976114744917018,0.0050127764340261284,5444,0.04166666666666674,0.06532032536780825,5521,0.05359019264448328,0.07818608602302875,5519,0.02386572271058185,0.05333455158504743,5446,0.03253218352863507,0.06623558717335264,5444
2026-08-03,0.0,-0.0013037542798664567,5388,0.037154100025387216,0.0610683962509171,5522,0.04282215085031338,0.07970740651363313,5518,0.030388324294186142,0.04451798556355964,5388,0.035278579411172295,0.061168743562298455,5384
2026-08-04,-0.0028248587570621764,-0.004242704734253246,5426,0.02475364781452949,0.042908014258451636,5522,0.03665988388299113,0.06504717040264263,5518,0.013079613505595944,0.02252433508981764,5426,0.025292076448365175,0.042995229123794436,5422
2026-08-05,-0.00021653796296261518,-0.0007883986422343207,5450,0.027272727272727115,0.03971081221247122,5523,-0.010020080321285207,0.004307652764810896,5520,0.021849506451929956,0.02992753170580048,5448,-0.015857284440039643,-0.0051762070254070805,5445
2026-08-06,0.0,0.0020392083529931554,5459,0.007843137254901933,0.019745679901028396,5529,-0.002802889106669537,0.008925752536461344,5526,0.003621730382293853,0.009706285538759199,5457,-0.007694285804144441,-0.0011574577215257812,5454
2026-08-07,-0.0028943560057888007,-0.004185043563192155,5435,0.0007057163020465218,0.00879593054432205,5525,-0.011824324324324342,-0.004244551224734299,5523,-0.011582225416217451,-0.002300848405465828,5434,-0.022792022792022637,-0.015355645431125291,5431
2026-08-10,-0.00019630938358849992,-0.00045039731826601543,5479,0.006889001542394246,0.019837068710591644,5530,-0.029732263025176286,-0.022767209727202663,5530,0.008547008547008517,0.020271140661716532,5477,-0.02638190954773867,-0.021660566640184644,5477
2026-08-11,0.0005465984516579425,0.0025720056602608157,5442,0.008284433158322058,0.020228041777193378,5526,,,0,-0.0013755158184318717,0.007764635599903129,5439,,,0
2026-08-12,0.0,0.0011771241739026493,5479,-0.04110889585113453,-0.03681314492915826,5523,,,0,-0.026854753141682453,-0.023186152896660855,5476,,,0
2026-08-13,0.0,0.0014338862870604875,5474,-0.01465896450601678,-0.01218682156181276,5528,,,0,-0.012882983907175405,-0.011754507962293518,5472,,,0
2026-08-17,-0.008141428679645513,-0.010427212591386644,5458,-0.038506892978849905,-0.04090182525458349,5528,,,0,-0.0367731575388775,-0.04039699505736549,5456,,,0
2026-08-18,0.0073855284007385835,0.008861985697227891,5502,,,0,,,0,,,0,,,0
2026-08-19,-0.004926108374384119,-0.0056733180911928026,5457,,,0,,,0,,,0,,,0
2026-08-20,0.0,0.0002990155980625941,5483,,,0,,,0,,,0,,,0
